{
  "$schema": "https://turbo.build/schema.json",
  "globalDependencies": ["**/.env.*local"],
  "pipeline": {
    "build": {
      "dependsOn": ["^build"],
      "outputs": [".next/**", "!.next/cache/**", "dist/**", "build/**"]
    },
    "dev": {
      "cache": false,
      "persistent": true
    },
    "lint": {
      "outputs": []
    },
    "test": {
      "dependsOn": ["build"],
      "outputs": []
    },
    "db:generate": {
      "cache": false,
      "outputs": []
    },
    "db:migrate": {
      "cache": false,
      "outputs": []
    },
    "db:studio": {
      "cache": false,
      "persistent": true
    },
    "db:seed": {
      "cache": false,
      "outputs": []
    }
  }
}
